message_id,timestamp,sender,user_type,message,llm_sentiment,llm_topic,llm_bot_response,analysis_timestamp,provider_used,model_used
1,2024-12-15T09:00:00,müşteri_1,customer,"Merhaba, düğün mekanı arıyorum. Bahçeli bir yer var mı?",Nötr,Düğün Mekanı,Evet,2025-08-15T20:38:59.169039,openai,gpt-4o
2,2024-12-15T09:02:00,destek_1,support,Merhaba! Tabii ki. Hangi bölgede düğün mekanı arıyorsunuz?,Nötr,Düğün Mekanı,Evet,2025-08-15T20:39:27.146554,openai,gpt-4o
3,2024-12-15T09:05:00,müşteri_1,customer,İstanbul Avrupa yakasında olsun. Fiyatları nasıl?,Nötr,Fiyat Sorgusu,Evet,2025-08-15T20:39:54.438422,openai,gpt-4o
4,2024-12-15T09:07:00,destek_1,support,Avrupa yakasında birçok güzel mekanımız var. Kişi başı 150-300 TL arası değişiyor. Kaç kişilik düşünüyorsunuz?,Pozitif,Düğün Mekanı,Hayır,2025-08-15T20:40:22.868929,openai,gpt-4o
5,2024-12-15T09:10:00,müşteri_1,customer,"200 kişilik düşünüyoruz. Çok güzel, teşekkür ederim!",Pozitif,Genel Bilgi,Evet,2025-08-15T20:40:50.090349,openai,gpt-4o
6,2024-12-15T09:30:00,müşteri_2,customer,Gelinlik modelleri görebilir miyim? Prenses model arıyorum.,Nötr,Gelinlik,Evet,2025-08-15T20:41:18.714339,openai,gpt-4o
7,2024-12-15T09:32:00,destek_2,support,Tabii ki! Prenses model gelinliklerimiz çok güzel. Mağazamıza gelip deneyebilirsiniz.,Pozitif,Gelinlik,Evet,2025-08-15T20:41:46.804782,openai,gpt-4o
8,2024-12-15T09:35:00,müşteri_2,customer,Fiyatları ne kadar? Bütçem sınırlı.,Nötr,Fiyat Sorgusu,Evet,2025-08-15T20:42:13.840187,openai,gpt-4o
9,2024-12-15T09:37:00,destek_2,support,Prenses modeller 2000-8000 TL arası. Bütçenize uygun seçenekler bulabiliriz.,Nötr,Genel Bilgi,Evet,2025-08-15T20:42:41.416137,openai,gpt-4o
10,2024-12-15T10:00:00,müşteri_3,customer,Düğün fotoğrafçısı arıyorum. Paketleriniz neler?,Nötr,Fotoğrafçı,Evet,2025-08-15T20:43:09.000584,openai,gpt-4o
11,2024-12-15T10:02:00,destek_1,support,"Fotoğraf paketlerimiz: Temel (1500 TL), Standart (2500 TL), Premium (4000 TL). Hangi paketi tercih edersiniz?",Nötr,Fotoğrafçı,Evet,2025-08-15T20:43:37.041091,openai,gpt-4o
12,2024-12-15T10:05:00,müşteri_3,customer,Premium pakette neler var?,Nötr,Genel Bilgi,Evet,2025-08-15T20:44:05.530426,openai,gpt-4o
13,2024-12-15T10:07:00,destek_1,support,"Premium pakette: 8 saat çekim, 2 fotoğrafçı, 500+ fotoğraf, albüm, video klip dahil.",Nötr,Fotoğrafçı,Hayır,2025-08-15T20:44:33.157014,openai,gpt-4o
14,2024-12-15T10:10:00,müşteri_3,customer,Harika! Rezervasyon nasıl yapabilirim?,Pozitif,Rezervasyon,Evet,2025-08-15T20:45:01.468153,openai,gpt-4o
15,2024-12-15T10:30:00,müşteri_4,customer,Çiçek dekorasyonu için randevu almak istiyorum.,Nötr,Rezervasyon,Evet,2025-08-15T20:45:29.239620,openai,gpt-4o
16,2024-12-15T10:32:00,destek_3,support,Çiçek dekorasyonu için hangi tarih uygun? Mekan büyüklüğü nasıl?,Nötr,Düğün Mekanı,Evet,2025-08-15T20:45:56.348355,openai,gpt-4o
17,2024-12-15T10:35:00,müşteri_4,customer,"15 Haziran 2025, 300 kişilik salon. Beyaz ve pembe tonları istiyorum.",Nötr,Düğün Mekanı,Evet,2025-08-15T20:46:24.518347,openai,gpt-4o
18,2024-12-15T10:37:00,destek_3,support,Çok güzel bir seçim! Beyaz gül ve pembe şakayık kombinasyonu harika olur. Fiyat teklifi hazırlayalım.,Pozitif,Fiyat Sorgusu,Evet,2025-08-15T20:46:52.549120,openai,gpt-4o
19,2024-12-15T11:00:00,müşteri_5,customer,Düğün pastası siparişi vermek istiyorum.,Nötr,Genel Bilgi,Evet,2025-08-15T20:47:19.657858,openai,gpt-4o
20,2024-12-15T11:02:00,destek_2,support,Kaç kişilik pasta istiyorsunuz? Hangi lezzeti tercih edersiniz?,Nötr,Genel Bilgi,Evet,2025-08-15T20:47:47.107264,openai,gpt-4o
21,2024-12-15T11:05:00,müşteri_5,customer,"200 kişilik, çikolatalı olsun. Fiyatı ne kadar?",Nötr,Fiyat Sorgusu,Evet,2025-08-15T20:48:16.098206,openai,gpt-4o
22,2024-12-15T11:07:00,destek_2,support,200 kişilik çikolatalı pasta 800 TL. Özel tasarım istiyorsanız +200 TL.,Nötr,Genel Bilgi,Evet,2025-08-15T20:48:43.869710,openai,gpt-4o
23,2024-12-15T11:30:00,müşteri_6,customer,DJ hizmeti alabilir miyim? Müzik listesi nasıl oluyor?,Nötr,Genel Bilgi,Evet,2025-08-15T20:49:11.538279,openai,gpt-4o
24,2024-12-15T11:32:00,destek_1,support,DJ hizmetimiz var. Müzik listesini önceden görüşüp hazırlıyoruz. 6 saat 1200 TL.,Nötr,Rezervasyon,Evet,2025-08-15T20:49:39.112879,openai,gpt-4o
25,2024-12-15T11:35:00,müşteri_6,customer,Ses sistemi de dahil mi?,Nötr,Genel Bilgi,Evet,2025-08-15T20:50:06.437988,openai,gpt-4o
26,2024-12-15T11:37:00,destek_1,support,"Evet, profesyonel ses sistemi ve ışık sistemi dahil.",Nötr,Genel Bilgi,Evet,2025-08-15T20:50:34.340283,openai,gpt-4o
27,2024-12-15T12:00:00,müşteri_7,customer,Davetiye tasarımı yaptırabilir miyim?,Nötr,Genel Bilgi,Evet,2025-08-15T20:51:02.587762,openai,gpt-4o
28,2024-12-15T12:02:00,destek_3,support,Tabii ki! Özel tasarım davetiyelerimiz var. Hangi tarzda istiyorsunuz?,Nötr,Genel Bilgi,Evet,2025-08-15T20:51:30.143064,openai,gpt-4o
29,2024-12-15T12:05:00,müşteri_7,customer,"Vintage tarzda, kraft kağıt üzerine olsun.",Nötr,Genel Bilgi,Evet,2025-08-15T20:52:07.000867,openai,gpt-4o
30,2024-12-15T12:07:00,destek_3,support,"Vintage kraft davetiyeler çok şık oluyor. 100 adet 300 TL, tasarım dahil.",Nötr,Genel Bilgi,Evet,2025-08-15T20:52:34.570198,openai,gpt-4o
31,2024-12-15T12:30:00,müşteri_8,customer,Nikah şekeri siparişi vermek istiyorum.,Nötr,Genel Bilgi,Evet,2025-08-15T20:53:02.199088,openai,gpt-4o
32,2024-12-15T12:32:00,destek_2,support,"Nikah şekerimiz çok lezzetli! Hangi çeşidi tercih edersiniz? Lokum, çikolata, badem şekeri?",Nötr,Genel Bilgi,Evet,2025-08-15T20:53:30.717027,openai,gpt-4o
33,2024-12-15T12:35:00,müşteri_8,customer,Karışık olsun. 200 kutu istiyorum.,Nötr,Genel Bilgi,Evet,2025-08-15T20:54:00.127907,openai,gpt-4o
34,2024-12-15T12:37:00,destek_2,support,200 kutu karışık nikah şekeri 600 TL. Özel ambalaj +100 TL.,Nötr,Genel Bilgi,Evet,2025-08-15T20:54:28.150166,openai,gpt-4o
35,2024-12-15T13:00:00,müşteri_9,customer,Düğün arabası kiralayabilir miyim?,Nötr,Genel Bilgi,Evet,2025-08-15T20:54:59.248184,openai,gpt-4o
36,2024-12-15T13:02:00,destek_1,support,Düğün arabası kiralama hizmetimiz var. Hangi model araba istiyorsunuz?,Nötr,Genel Bilgi,Evet,2025-08-15T20:55:27.976886,openai,gpt-4o
37,2024-12-15T13:05:00,müşteri_9,customer,Beyaz BMW veya Mercedes olsun.,Nötr,Genel Bilgi,Evet,2025-08-15T20:55:56.125487,openai,gpt-4o
38,2024-12-15T13:07:00,destek_1,support,"BMW 3.20i günlük 400 TL, Mercedes E-Class 500 TL. Süsleme dahil.",Nötr,Genel Bilgi,Evet,2025-08-15T20:56:23.858559,openai,gpt-4o
39,2024-12-15T13:30:00,müşteri_10,customer,Geç kaldınız randevuya! Çok memnun değilim.,Negatif,Rezervasyon,Evet,2025-08-15T20:56:51.328574,openai,gpt-4o
40,2024-12-15T13:32:00,destek_3,support,"Çok özür dileriz! Trafikte kaldık. Hemen geliyoruz, lütfen bekleyin.",Nötr,Genel Bilgi,Evet,2025-08-15T20:57:19.877115,openai,gpt-4o
41,2024-12-15T13:35:00,müşteri_10,customer,Bu kadar gecikmek olmaz! Profesyonel değil.,Nötr,Genel Bilgi,Evet,2025-08-15T20:57:47.966227,openai,gpt-4o
42,2024-12-15T13:37:00,destek_3,support,"Haklısınız, özür dileriz. Bu durumu telafi etmek için %10 indirim uygulayacağız.",Nötr,Genel Bilgi,Evet,2025-08-15T20:58:15.598443,openai,gpt-4o
43,2024-12-15T14:00:00,müşteri_11,customer,"Hizmetiniz çok güzeldi, çok teşekkür ederim!",Pozitif,Genel Bilgi,Evet,2025-08-15T20:58:43.630214,openai,gpt-4o
44,2024-12-15T14:02:00,destek_1,support,Çok teşekkür ederiz! Memnuniyetiniz bizim için en önemli şey.,Pozitif,Genel Bilgi,Hayır,2025-08-15T20:59:12.586251,openai,gpt-4o
45,2024-12-15T14:05:00,müşteri_11,customer,Kesinlikle tavsiye edeceğim arkadaşlarıma!,Nötr,Genel Bilgi,Hayır,2025-08-15T20:59:41.507262,openai,gpt-4o
